installation,tonnes_2023,tonnes_2024,tonnes_2025,berthings_2025
Terminal Marítimo de Ponta da Madeira,166334878,175777453,172389190,638
Santos,135901717,138692349,142819073,4762
Terminal de Tubarão,75996732,77421175,87407355,528
Terminal Aquaviário de Angra dos Reis,63666665,62721203,70423240,492
Paranaguá,58318875,59280249,65235546,2317
Itaguaí,55778923,60678241,62899609,645
Terminal de Petróleo TPET/TOIL - Açu,57378296,50237444,60439367,384
Terminal Aquaviário de São Sebastião (Almirante Barroso),57520759,53307535,54053615,711
Itaqui,36329965,33884494,36771880,979
Rio Grande,25888360,29318642,31634709,2510
Terminal da Ilha Guaíba - TIG,29523094,32133788,31460695,151
Porto Sudeste do Brasil S/A,27397709,24719164,30594398,174
Suape,24015152,24792232,24253346,1566
Porto do Açu - Terminal de Minério,24043285,25014985,24248712,141
Vila do Conde,16788472,20162500,21313049,1677
Terminal Portuário do Pecém,17062051,19042334,20515856,797
Terminal Aquaviário de Madre de Deus,20937232,20806846,20159705,404
Santarém,15944968,16378267,18547010,3810
São Francisco do Sul,16833775,16960975,17540881,467
Rio de Janeiro,11062331,15585734,16905773,5324
Terminal Marítimo Ponta Ubu,9310956,9830559,16517579,141
DP World Santos,13496071,15389458,16468989,713
Porto Itapoá Terminais Portuários,11726201,13606085,16158507,692
Terminal Aquaviário da Ilha D'Água,16510745,15786397,15904665,1214
Terminal Portuário Privativo da Alumar,13359688,14274235,14545153,334
Terminal Integrador Portuário Luiz Antonio Mesquita - TIPLAM,13239016,13475036,14260229,343
Terminal Vila do Conde,12491047,11518133,13158517,2897
Terminal Trombetas,12606492,13051333,12684231,223
Terminal Graneleiro Hermasa,11374881,9380958,12185491,3192
Terminal Aquaviário de Osório,10680169,11681639,10706478,159
Portonave - Terminais Portuários de Navegantes,14235009,12731410,10494395,480
Terminal Aquaviário de São Francisco do Sul,10656629,9603120,10261273,111
Terminal de Praia Mole,10452274,10381991,10162970,147
Terminal Portuário Graneleiro de Barcarena,8460350,7827146,9787072,1988
Porto Chibatão,6466896,6815441,8394341,219
Portocel - Terminal Especializado de Barra do Riacho,7642408,7445769,7787241,408
Terminal Fluvial de Juruti,5689731,6638946,7663475,139
Vitória,6978921,8262774,7421691,812
Terminal Marítimo Alfandegado Privativo de Uso Misto de Praia Mole,7405438,7134261,7237618,259
Imbituba,7696745,8316805,7070445,330
Terminal TKCSA,8476457,7376608,6992358,118
Terminal Portuário Cotegipe,5903015,5354182,6844574,133
Terbian - Terminal Bianchini,8190488,8078552,6701352,387
Salvador,4677084,6603213,6260289,518
Hidrovias do Brasil Miritituba,5386139,4552581,5847077,2922
Aratu,6684832,6561102,5819867,451
Terminal Portuário Novo Remanso,2062941,3826924,5737584,1355
Porto Gregório Curvo,3159319,2381083,5597393,2967
Fortaleza,4425422,4829301,4832764,373
Cattalini Terminais Marítimos,4916164,4408936,4398585,291
Itajaí,363962,1146865,4350052,384
ETC Miritituba,3274443,3151415,3872559,1817
Sucocítrico Cutrale,3740317,3254683,3838093,102
Terminal de Expedição de Grãos Portochuelo,3550837,2591406,3732604,2014
Santana,3622739,3158024,3585591,560
Terminais Fluviais do Brasil,2728780,3082840,3395647,1030
Areia Branca,3815448,3372478,3384600,1406
Cargill Agrícola S.A. (ETC Miritituba/PA),3069886,3027344,3069238,1093
Belém,3724971,3887036,2828939,690
CMPC Guaíba,2812985,3026238,2789621,1008
Yara Brasil Fertilizantes,2574487,2466652,2725353,208
Estação Cianport Miritituba,2575842,1885468,2709630,905
Maceió,2641264,2672144,2510841,165
Terminal Portuário Bunge Alimentos,2117890,1883770,2495070,112
Super Terminais Comércio e Indústria,1043057,1843990,2422733,161
Terminal Ponta da Montanha,5230524,5890083,2388581,440
TUP Vetorial Logística,840481,450740,2164276,86
Porto do Açu - Terminal TMULT e TCAR,2208695,1818554,2089057,80
Porto Velho,1713663,2017815,2012909,1258
Terminal Aquaviário de Manaus,2351710,1500726,1751907,311
Estação Cujubinzinho,1969268,1842171,1699366,233
Estaleiro Brasfels,785076,2671111,1661062,7
ATEM Manaus,879659,1158678,1611631,679
Terminal Aquaviário de Guamaré,1942044,1647429,1607367,68
Recife,1427018,1706847,1570686,322
São Sebastião,1004877,1530153,1463175,107
Antonina,1355626,1993586,1338274,81
Granel Química Ladário,2290326,351458,1314413,639
Cabedelo,1336996,1384792,1185078,84
LDC Pederneiras,976316,971487,1143889,852
LDC São Simão,976670,967956,1142488,854
TUP TMB - Terminal Marítimo de Belmonte,1128100,1083298,1097878,151
Pelotas,1057094,873220,1076418,499
TUP J F de Oliveira de Belém,1029345,1138907,960144,1555
Terminal Marítimo Inácio Barbosa - TMIB,1197358,869603,886188,686
Terminal Santa Clara,960769,743058,868350,371
Terminal Aquaviário Solimões - Coari,971842,825886,844971,455
Terminal de Regaseificação do Açu,18500,306255,811714,13
Terminal Itapuã,413983,260719,807688,44
Terminal Marítimo Privativo de Cubatão - TMPC,1021046,972211,782387,35
TUP Enseada Naval,753101,528497,761066,23
Brasil Logística Offshore e Estaleiro Naval,364713,666293,734091,5451
Terminal UNI-Z,250636,395493,712948,330
Terminal Aquaviário de Aracaju,293189,542355,607098,12
ATEM Santarém,29511,46234,604274,43
Terminal de Uso Privado de Macau,820848,670339,584006,384
Bianchini Canoas,699058,552144,583637,243
ATR Logística - Chibatão,678943,698280,579377,897
TUP Moss,499117,516681,568422,803
ATEM Belém-PA,0,130558,564086,154
J. F. de Oliveira - Manaus,564170,592830,545804,1247
Natal,444782,408729,494963,191
Terminal de Barcaças Oceânicas,509258,527656,492456,48
Porto Murucupi,604599,738597,464727,18
Terminal Marítimo Dow,259673,410982,463917,73
Terminal Marítimo Dow Aratu - Bahia,531666,523467,455627,73
Terminal Aquaviário de Ilha Redonda e Terminal Aquaviário da Ilha Comprida,250627,209543,451894,63
Merlim,495054,369591,440429,162
TUP Bertolini - Santarém,445081,503632,437504,626
Terminal de Combustíveis Marítimos do Açu - TECMA,275307,335146,433428,119
TUP Ibepar,487436,568949,429884,328
Tup da Salina Francisco Menescal,524832,309855,407988,226
TEVEL,402129,374057,396824,385
Petróleo Sabbá - Miritituba,423643,306857,388687,333
TUP Bertolini - Belém,430363,507889,381732,310
Itahum Terminal,1628340,131974,373997,23
Amazon Aço Indústria e Comércio Ltda,248135,227294,363075,193
Terminal Braskem,684544,579846,341399,42
Terminal Aquaviário do Norte Capixaba,438246,369430,339665,9
Cargill Agrícola,1098941,933203,324929,134
Porto Alegre,799924,727046,320803,98
Ciagram Portos e Navegação da Amazônia,417695,438600,317541,131
Oleoplan,389400,206928,302346,100
Angra dos Reis,20716,66751,288662,66
Estação EAG - Bertolini,268210,221236,284692,21
Cimento Vencemos,228406,170334,275077,16
Base Secundária Ipiranga de Porto Velho,251055,247707,255535,284
Administração de Bens de Infraestrutura - ABI,224303,369747,253887,462
TERMINAL DE MACAPA,133826,154955,253731,131
Terminal de Embarque Marítimo da Salina Diamante Branco,0,110871,238725,137
TUP da Salina Guanabara,272424,265484,238344,139
ATEM PVH,210320,210745,238207,131
Terminal Distribuidora Equador Manaus,128882,124115,237961,456
ABI Miritituba,294547,230998,229159,267
Belmont,303217,216805,227754,549
Ilhéus,527675,232285,215722,20
Terminal Aquaviário de Niterói,195056,73339,209912,81
Cosan Lubrificantes e Especialidades,242512,256949,207340,38
Teporti,122648,172332,196037,40
AIVEL,240097,154656,194993,132
Unidade Misturadora de Porto Alegre,5422,138475,186330,60
Petróleo Sabbá - Terminal Manaus,144119,125744,185840,202
ATEM Miritituba,141919,59950,185650,90
Terminal de Regaseificação de GNL da Bahia - TRBA,307606,871860,175543,4
Terminal Flexível de GNL da Baía da Guanabara,97494,143217,168782,7
Niterói,41968,30463,168573,338
Distribuidora Equador de Produtos de Petróleo S.A,177081,162207,157400,133
Terminal Marítimo Ponte do Thun,96097,112317,136138,14
Porto de Itaituba da Caramuru Alimentos,113166,90142,134849,13
Chibatão Navegação e Comércio,224076,189950,131275,219
Terminal Privado Copelmi,115002,73641,128931,87
Terminal Ilha do Governador,101955,131784,128436,63
Terminal Marítimo Braskem,161339,164603,123291,26
Terminal Hidroviário Cimbagé,198400,145267,117940,43
F. H. de Oliveira Peixoto,129836,140987,117931,96
Terminal Aquaviário de Barra do Riacho,87601,100698,92260,22
Base de Oriximiná - BARIX,0,83954,91812,110
TUP Ocrim,93885,64274,81323,7
Ronav,108979,97956,80996,146
Terminal Portuário Braskarne,82092,110685,77948,9
Terminal Fogás,76273,65933,70696,125
Passarão,149658,123140,65791,128
Barra do Rio Terminal Portuário,9204,22210,65522,21
Base Logística de Dutos,19474,44631,62375,156
TUP CESARI,998,178,52472,33
Terminal Fluvial Caulim,64260,59990,51653,3
Belo Monte Logística de Terminal,23903,26706,50844,34
TERMINAL TECHNIPFMC DO BRASIL,43536,32657,44116,88
Ponta Negra,91210,87700,43000,14
Terminal de Gás do Sul - Tergasul,90573,46525,39930,20
Companhia Brasileira de Asfalto da Amazônia,63700,79394,39795,21
Companhia Portuária Vila Velha - CPVV,18622,48678,38163,165
Terminal Saint-Gobain Icoaraci,46506,41932,32527,25
Rio Amazonas Terminais e Empreendimentos,126476,59298,26394,43
Terminal Amazongás,25129,21038,24164,37
Terminal Nov Flexibles,20171,26052,21507,49
TUP Supergasbrás,13816,2952,20464,15
Porto Brasilit,22249,29052,18643,7
Base Ipiranga Santarém,32898,6570,16031,30
Porto Crai,52638,23965,8057,4
TUP Intermoor - Base de Apoio Marítimo Intermoor Açú,10355,6936,7054,217
J. F. de Oliveira Humaitá,0,26303,6853,142
Porto CRA,57016,60810,6064,4
Base de Distribuição Secundária de Itaituba,1378,986,5811,10
Poly Terminais Portuários,10000,6007,5000,1
Terminal de Munguba,8843,737,4523,5
Bemar III,102501,43558,3564,7
Terminal Portuário da Nuclep,1942,2120,2501,9
Terminal Dome,2755,1812,2134,169
Estaleiro Renave,0,0,1306,5
MAC LAREN OIL ESTALEIROS,644,930,1188,47
Subsea 7 do Brasil Serviços LTDA,88,373,1064,52
Terminal MFX,778,868,847,2
Metasa SA Indústria Metalurgica,0,0,234,2
Ipiranga Manaus,149,87,108,101
Terminal Navecunha,1922,1698,84,19
Mac Laren Operações Offshore,449,32,65,5
Norte Log,503842,8065,0,0
J A Leite Navegação,47335,11701,0,0
Terminal Marítimo Luiz Fogliatto - Termasa,2519756,571375,0,0
Base de Caracaraí - BARAC,16180,0,0,0
Estaleiro Jurong,8268,7346,0,0
Caramuru Alimentos São Simão,130314,0,0,0
Itacal- Itacoatiara Calcários Ltda,10945,1111,0,0
Estaleiro Atlântico Sul - EAS,327,0,0,0
Petróleo Sabbá - Itaituba,14854,0,0,0
Estaleiro Locar,88,0,0,0
ETC Bertolini - Santana,0,2400,0,0
