installation,year,tonnes,berthings
Terminal Marítimo de Ponta da Madeira,2021,182361835,714
Terminal Marítimo de Ponta da Madeira,2022,167995183,634
Terminal Marítimo de Ponta da Madeira,2023,166334878,626
Terminal Marítimo de Ponta da Madeira,2024,175777453,661
Terminal Marítimo de Ponta da Madeira,2025,172389190,638
Santos,2021,113279537,4171
Santos,2022,126216637,4572
Santos,2023,135901717,4552
Santos,2024,138692349,4588
Santos,2025,142819073,4762
Terminal de Tubarão,2021,64139915,495
Terminal de Tubarão,2022,67977082,462
Terminal de Tubarão,2023,75996732,497
Terminal de Tubarão,2024,77421175,476
Terminal de Tubarão,2025,87407355,528
Terminal Aquaviário de Angra dos Reis,2021,64085595,456
Terminal Aquaviário de Angra dos Reis,2022,59786965,457
Terminal Aquaviário de Angra dos Reis,2023,63666665,490
Terminal Aquaviário de Angra dos Reis,2024,62721203,512
Terminal Aquaviário de Angra dos Reis,2025,70423240,492
Paranaguá,2021,51606028,2040
Paranaguá,2022,52015004,2011
Paranaguá,2023,58318875,2173
Paranaguá,2024,59280249,2310
Paranaguá,2025,65235546,2317
Itaguaí,2021,51723244,661
Itaguaí,2022,50619463,522
Itaguaí,2023,55778923,526
Itaguaí,2024,60678241,630
Itaguaí,2025,62899609,645
Terminal de Petróleo TPET/TOIL - Açu,2021,32642562,209
Terminal de Petróleo TPET/TOIL - Açu,2022,43361701,296
Terminal de Petróleo TPET/TOIL - Açu,2023,57378296,369
Terminal de Petróleo TPET/TOIL - Açu,2024,50237444,327
Terminal de Petróleo TPET/TOIL - Açu,2025,60439367,384
Terminal Aquaviário de São Sebastião (Almirante Barroso),2021,54469563,707
Terminal Aquaviário de São Sebastião (Almirante Barroso),2022,58896004,746
Terminal Aquaviário de São Sebastião (Almirante Barroso),2023,57520759,730
Terminal Aquaviário de São Sebastião (Almirante Barroso),2024,53307535,708
Terminal Aquaviário de São Sebastião (Almirante Barroso),2025,54053615,711
Itaqui,2021,31025619,967
Itaqui,2022,33569710,978
Itaqui,2023,36329965,1026
Itaqui,2024,33884494,968
Itaqui,2025,36771880,979
Rio Grande,2021,28191092,2434
Rio Grande,2022,24175428,2261
Rio Grande,2023,25888360,2234
Rio Grande,2024,29318642,2343
Rio Grande,2025,31634709,2510
Terminal da Ilha Guaíba - TIG,2021,26334412,140
Terminal da Ilha Guaíba - TIG,2022,27659232,132
Terminal da Ilha Guaíba - TIG,2023,29523094,133
Terminal da Ilha Guaíba - TIG,2024,32133788,158
Terminal da Ilha Guaíba - TIG,2025,31460695,151
Porto Sudeste do Brasil S/A,2021,17909212,116
Porto Sudeste do Brasil S/A,2022,18526944,121
Porto Sudeste do Brasil S/A,2023,27397709,165
Porto Sudeste do Brasil S/A,2024,24719164,142
Porto Sudeste do Brasil S/A,2025,30594398,174
Suape,2021,22079408,1451
Suape,2022,24726350,1506
Suape,2023,24015152,1510
Suape,2024,24792232,1625
Suape,2025,24253346,1566
Porto do Açu - Terminal de Minério,2021,23142133,144
Porto do Açu - Terminal de Minério,2022,21419893,131
Porto do Açu - Terminal de Minério,2023,24043285,145
Porto do Açu - Terminal de Minério,2024,25014985,148
Porto do Açu - Terminal de Minério,2025,24248712,141
Vila do Conde,2021,16419031,775
Vila do Conde,2022,17893545,1043
Vila do Conde,2023,16788472,1194
Vila do Conde,2024,20162500,1643
Vila do Conde,2025,21313049,1677
Terminal Portuário do Pecém,2021,22400202,799
Terminal Portuário do Pecém,2022,16937369,619
Terminal Portuário do Pecém,2023,17062051,674
Terminal Portuário do Pecém,2024,19042334,749
Terminal Portuário do Pecém,2025,20515856,797
Terminal Aquaviário de Madre de Deus,2021,16625559,529
Terminal Aquaviário de Madre de Deus,2022,19928675,359
Terminal Aquaviário de Madre de Deus,2023,20937232,440
Terminal Aquaviário de Madre de Deus,2024,20806846,497
Terminal Aquaviário de Madre de Deus,2025,20159705,404
Santarém,2021,10542367,2620
Santarém,2022,13234914,3194
Santarém,2023,15944968,3301
Santarém,2024,16378267,3804
Santarém,2025,18547010,3810
São Francisco do Sul,2021,13409221,472
São Francisco do Sul,2022,12650992,473
São Francisco do Sul,2023,16833775,480
São Francisco do Sul,2024,16960975,472
São Francisco do Sul,2025,17540881,467
Rio de Janeiro,2021,10540468,908
Rio de Janeiro,2022,11286266,1046
Rio de Janeiro,2023,11062331,1201
Rio de Janeiro,2024,15585734,2134
Rio de Janeiro,2025,16905773,5324
